{"regret_validation": [0.006443659464518192, 0.006443659464518192, 0.006443659464518192, 0.006443659464518192, 0.006443659464518192, 0.006443659464518192, 0.006443659464518192, 0.006443659464518192, 0.006443659464518192, 0.006443659464518192, 0.006443659464518192, 0.006443659464518192, 0.0016359488169351843, 0.0016359488169351843, 0.0016359488169351843, 0.0016359488169351843, 0.0016359488169351843, 0.0016359488169351843, 0.0016359488169351843, 0.0016359488169351843, 0.0016359488169351843, 0.0016359488169351843, 0.0016359488169351843, 0.0016359488169351843, 0.0016359488169351843, 0.0016359488169351843, 0.0016359488169351843, 0.0016359488169351843, 0.0016359488169351843, 0.0016359488169351843, 0.0016359488169351843, 0.0016359488169351843, 0.0016359488169351843, 0.0016359488169351843, 0.0016359488169351843, 0.0016359488169351843, 0.0016359488169351843, 0.0016359488169351843, 0.0016359488169351843, 0.0016359488169351843, 0.0016359488169351843, 0.0016359488169351843, 0.0016359488169351843, 0.0016359488169351843, 0.0016359488169351843, 0.0016359488169351843, 0.0016359488169351843, 0.0016359488169351843, 0.0016359488169351843, 0.0016359488169351843, 0.0016359488169351843, 0.0016359488169351843, 0.0016359488169351843], "regret_test": [0.00257076819737756, 0.00257076819737756, 0.00257076819737756, 0.00257076819737756, 0.00257076819737756, 0.00257076819737756, 0.00257076819737756, 0.00257076819737756, 0.00257076819737756, 0.00257076819737756, 0.00257076819737756, 0.00257076819737756, 0.005275130271911621, 0.005275130271911621, 0.005275130271911621, 0.005275130271911621, 0.005275130271911621, 0.005275130271911621, 0.005275130271911621, 0.005275130271911621, 0.005275130271911621, 0.005275130271911621, 0.005275130271911621, 0.005275130271911621, 0.005275130271911621, 0.005275130271911621, 0.005275130271911621, 0.005275130271911621, 0.005275130271911621, 0.005275130271911621, 0.005275130271911621, 0.005275130271911621, 0.005275130271911621, 0.005275130271911621, 0.005275130271911621, 0.005275130271911621, 0.005275130271911621, 0.005275130271911621, 0.005275130271911621, 0.005275130271911621, 0.005275130271911621, 0.005275130271911621, 0.005275130271911621, 0.005275130271911621, 0.005275130271911621, 0.005275130271911621, 0.005275130271911621, 0.005275130271911621, 0.005275130271911621, 0.005275130271911621, 0.005275130271911621, 0.005275130271911621, 0.005275130271911621], "runtime": [3817.73095703125, 4101.950958251953, 4386.193939208984, 5546.139984130859, 8317.92904663086, 9470.317962646484, 11385.542083740234, 13386.423065185547, 14331.935028076172, 14616.155029296875, 15560.330017089844, 17811.282165527344, 20964.683044433594, 24251.063903808594, 28058.38690185547, 29977.694885253906, 33263.569885253906, 37073.926818847656, 38271.47686767578, 39423.335876464844, 41273.05096435547, 43473.99188232422, 46045.397888183594, 47269.563903808594, 48004.540954589844, 48288.76095581055, 50087.54196166992, 50371.78494262695, 54182.1418762207, 57989.46487426758, 61799.82180786133, 65610.17874145508, 69427.90969848633, 73245.64065551758, 77063.37161254883, 80870.6946105957, 84688.42556762695, 87842.35159301758, 90613.98245239258, 94068.44534301758, 95013.9573059082, 96368.34524536133, 98963.76712036133, 99248.01010131836, 101787.11898803711, 104038.07113647461, 104322.29113769531, 105494.94018554688, 107552.52026367188, 109985.365234375, 111577.54125976562, 111861.78424072266, 114554.20025634766]}