{"regret_validation": [0.05442039171854651, 0.009548644224802616, 0.009548644224802616, 0.009548644224802616, 0.009548644224802616, 0.009548644224802616, 0.009548644224802616, 0.009548644224802616, 0.009548644224802616, 0.009548644224802616, 0.009548644224802616, 0.009548644224802616, 0.009548644224802616, 0.009548644224802616, 0.009548644224802616, 0.009548644224802616, 0.009548644224802616, 0.009548644224802616, 0.009548644224802616, 0.009548644224802616, 0.009548644224802616, 0.009548644224802616, 0.009548644224802616, 0.009548644224802616, 0.009548644224802616, 0.009548644224802616, 0.009548644224802616, 0.009548644224802616, 0.009548644224802616, 0.009548644224802616, 0.009548644224802616, 0.009548644224802616, 0.009548644224802616, 0.009548644224802616, 0.009548644224802616, 0.009548644224802616, 0.009548644224802616, 0.009548644224802616, 0.009548644224802616, 0.009548644224802616, 0.009548644224802616, 0.009548644224802616, 0.009548644224802616, 0.009548644224802616, 0.009548644224802616, 0.009548644224802616, 0.009548644224802616, 0.009548644224802616, 0.009548644224802616, 0.009548644224802616, 0.009548644224802616, 0.009548644224802616, 0.009548644224802616, 0.009548644224802616, 0.009548644224802616, 0.009548644224802616, 0.009548644224802616, 0.009548644224802616, 0.009548644224802616, 0.009548644224802616, 0.009548644224802616, 0.009548644224802616, 0.009548644224802616, 0.009548644224802616, 0.009548644224802616, 0.009548644224802616, 0.009548644224802616, 0.009548644224802616, 0.009548644224802616, 0.009548644224802616, 0.009548644224802616, 0.009548644224802616, 0.009548644224802616, 0.006844321886698368, 0.006844321886698368, 0.006844321886698368, 0.006844321886698368, 0.006844321886698368, 0.006844321886698368, 0.006844321886698368, 0.006844321886698368, 0.006844321886698368, 0.006844321886698368, 0.006844321886698368, 0.006844321886698368, 0.006844321886698368, 0.006844321886698368, 0.006844321886698368, 0.006844321886698368, 0.006844321886698368, 0.006844321886698368, 0.006844321886698368, 0.006844321886698368, 0.006844321886698368, 0.006844321886698368, 0.006844321886698368, 0.006844321886698368, 0.006844321886698368, 0.006844321886698368, 0.006844321886698368], "regret_test": [0.049779653549194336, 0.010182956854502434, 0.010182956854502434, 0.010182956854502434, 0.010182956854502434, 0.010182956854502434, 0.010182956854502434, 0.010182956854502434, 0.010182956854502434, 0.010182956854502434, 0.010182956854502434, 0.010182956854502434, 0.010182956854502434, 0.010182956854502434, 0.010182956854502434, 0.010182956854502434, 0.010182956854502434, 0.010182956854502434, 0.010182956854502434, 0.010182956854502434, 0.010182956854502434, 0.010182956854502434, 0.010182956854502434, 0.010182956854502434, 0.010182956854502434, 0.010182956854502434, 0.010182956854502434, 0.010182956854502434, 0.010182956854502434, 0.010182956854502434, 0.010182956854502434, 0.010182956854502434, 0.010182956854502434, 0.010182956854502434, 0.010182956854502434, 0.010182956854502434, 0.010182956854502434, 0.010182956854502434, 0.010182956854502434, 0.010182956854502434, 0.010182956854502434, 0.010182956854502434, 0.010182956854502434, 0.010182956854502434, 0.010182956854502434, 0.010182956854502434, 0.010182956854502434, 0.010182956854502434, 0.010182956854502434, 0.010182956854502434, 0.010182956854502434, 0.010182956854502434, 0.010182956854502434, 0.010182956854502434, 0.010182956854502434, 0.010182956854502434, 0.010182956854502434, 0.010182956854502434, 0.010182956854502434, 0.010182956854502434, 0.010182956854502434, 0.010182956854502434, 0.010182956854502434, 0.010182956854502434, 0.010182956854502434, 0.010182956854502434, 0.010182956854502434, 0.010182956854502434, 0.010182956854502434, 0.010182956854502434, 0.010182956854502434, 0.010182956854502434, 0.010182956854502434, 0.012019236882527706, 0.012019236882527706, 0.012019236882527706, 0.012019236882527706, 0.012019236882527706, 0.012019236882527706, 0.012019236882527706, 0.012019236882527706, 0.012019236882527706, 0.012019236882527706, 0.012019236882527706, 0.012019236882527706, 0.012019236882527706, 0.012019236882527706, 0.012019236882527706, 0.012019236882527706, 0.012019236882527706, 0.012019236882527706, 0.012019236882527706, 0.012019236882527706, 0.012019236882527706, 0.012019236882527706, 0.012019236882527706, 0.012019236882527706, 0.012019236882527706, 0.012019236882527706, 0.012019236882527706], "runtime": [1812.2330322265625, 3203.5350341796875, 4398.7601318359375, 5251.630126953125, 7580.1640625, 8082.6220703125, 8585.080078125, 10599.757080078125, 11447.089111328125, 12113.569091796875, 12397.812072753906, 13277.478088378906, 14781.029113769531, 15463.531066894531, 16196.231079101562, 17582.337036132812, 18735.337036132812, 19402.078002929688, 20068.557983398438, 21090.713012695312, 22340.911987304688, 22625.15496826172, 23126.73095703125, 23628.90496826172, 24353.36297607422, 25086.06298828125, 26943.68408203125, 28136.6240234375, 29109.359008789062, 29393.579010009766, 31158.417022705078, 32310.27603149414, 33256.38101196289, 33758.55502319336, 34704.66000366211, 35585.27297973633, 36465.88595581055, 37617.74496459961, 38770.74496459961, 40138.550872802734, 41538.52084350586, 41822.74084472656, 42106.983825683594, 43228.031799316406, 44990.825744628906, 45705.72869873047, 46524.69268798828, 47892.498596191406, 48914.77557373047, 49199.81359863281, 50085.255615234375, 51107.41064453125, 52638.9765625, 53370.66552734375, 54522.52453613281, 55466.69952392578, 56755.225524902344, 57039.468505859375, 58659.319580078125, 58944.35760498047, 60000.23956298828, 60501.81555175781, 61893.11755371094, 63015.33752441406, 63300.375549316406, 64691.67755126953, 65581.43853759766, 66309.23150634766, 66975.7114868164, 67260.74951171875, 67545.7875366211, 67830.03051757812, 68813.32250976562, 70648.78649902344, 71150.36248779297, 72965.36053466797, 73805.61248779297, 74751.1244506836, 77042.76165771484, 78195.76165771484, 79348.15057373047, 80083.12762451172, 80749.60760498047, 81033.8505859375, 82421.23266601562, 83162.63568115234, 84304.06365966797, 85169.13763427734, 86114.64959716797, 86399.68762207031, 87251.17260742188, 87753.34661865234, 88037.58959960938, 89968.33264160156, 90682.9146118164, 91517.04461669922, 92703.2855834961, 94323.17657470703, 95883.51055908203, 96167.75354003906]}