{
  "regret_validation": [
    0.027076641718546512,
    0.015758554140726688,
    0.015758554140726688,
    0.015758554140726688,
    0.015758554140726688,
    0.015758554140726688,
    0.015758554140726688,
    0.015758554140726688,
    0.015758554140726688,
    0.012553433577219608,
    0.012553433577219608,
    0.012453297773996952,
    0.012453297773996952,
    0.012453297773996952,
    0.012453297773996952,
    0.012453297773996952,
    0.012453297773996952,
    0.011551837126413944,
    0.011351505915323856,
    0.011351505915323856,
    0.011351505915323856,
    0.011351505915323856,
    0.011351505915323856,
    0.011351505915323856,
    0.011351505915323856,
    0.011351505915323856,
    0.011151174704233768,
    0.011151174704233768,
    0.011151174704233768,
    0.011151174704233768,
    0.011151174704233768,
    0.011151174704233768,
    0.011151174704233768,
    0.011151174704233768
  ],
  "regret_test": [
    0.025607645511627197,
    0.012720366319020626,
    0.012720366319020626,
    0.012720366319020626,
    0.012720366319020626,
    0.012720366319020626,
    0.012720366319020626,
    0.012720366319020626,
    0.012720366319020626,
    0.013555030028025383,
    0.013555030028025383,
    0.010182956854502434,
    0.010182956854502434,
    0.010182956854502434,
    0.010182956854502434,
    0.010182956854502434,
    0.010182956854502434,
    0.012720366319020626,
    0.010884086290995354,
    0.010884086290995354,
    0.010884086290995354,
    0.010884086290995354,
    0.010884086290995354,
    0.010884086290995354,
    0.010884086290995354,
    0.010884086290995354,
    0.008914271990458245,
    0.008914271990458245,
    0.008914271990458245,
    0.008914271990458245,
    0.008914271990458245,
    0.008914271990458245,
    0.008914271990458245,
    0.008914271990458245
  ],
  "runtime": [
    1183.341064453125,
    2335.72998046875,
    3050.3119506835938,
    4025.9569702148438,
    5233.091003417969,
    6025.767028808594,
    6740.669982910156,
    7473.3699951171875,
    9005.844970703125,
    10945.7099609375,
    11883.879943847656,
    13269.985900878906,
    14277.493896484375,
    15400.15380859375,
    16764.848876953125,
    17732.923889160156,
    18017.14389038086,
    19170.14389038086,
    20771.91098022461,
    22158.01693725586,
    22891.025970458984,
    23557.505950927734,
    23842.543975830078,
    24786.718963623047,
    26838.691131591797,
    27961.351043701172,
    29859.507049560547,
    30143.750030517578,
    30876.45004272461,
    31160.670043945312,
    32546.776000976562,
    33699.77600097656,
    35375.80700683594,
    36528.80700683594
  ]
}