{
  "regret_validation": [
    0.0678418676058451,
    0.015257755915323856,
    0.015257755915323856,
    0.015257755915323856,
    0.013454894224802616,
    0.013454894224802616,
    0.013454894224802616,
    0.013454894224802616,
    0.013454894224802616,
    0.013454894224802616,
    0.013454894224802616,
    0.013454894224802616,
    0.013454894224802616,
    0.013454894224802616,
    0.013454894224802616,
    0.013454894224802616,
    0.013454894224802616,
    0.013454894224802616,
    0.013454894224802616,
    0.00914798180262244,
    0.00914798180262244,
    0.00914798180262244,
    0.00914798180262244,
    0.00914798180262244,
    0.00914798180262244,
    0.00914798180262244,
    0.00914798180262244
  ],
  "regret_test": [
    0.05522169669469201,
    0.015758534272511837,
    0.015758534272511837,
    0.015758534272511837,
    0.009147961934407589,
    0.009147961934407589,
    0.009147961934407589,
    0.009147961934407589,
    0.009147961934407589,
    0.009147961934407589,
    0.009147961934407589,
    0.009147961934407589,
    0.009147961934407589,
    0.009147961934407589,
    0.009147961934407589,
    0.009147961934407589,
    0.009147961934407589,
    0.009147961934407589,
    0.009147961934407589,
    0.011585215727488274,
    0.011585215727488274,
    0.011585215727488274,
    0.011585215727488274,
    0.011585215727488274,
    0.011585215727488274,
    0.011585215727488274,
    0.011585215727488274
  ],
  "runtime": [
    944.1749877929688,
    2001.1909790039062,
    3289.7169799804688,
    5103.193054199219,
    6133.195007324219,
    6952.158996582031,
    8240.547912597656,
    8742.123901367188,
    9475.132934570312,
    9976.708923339844,
    10261.746948242188,
    11145.932983398438,
    12072.461975097656,
    13283.018005371094,
    14305.703063964844,
    15060.377075195312,
    16711.348022460938,
    17998.901977539062,
    18954.449951171875,
    20575.02392578125,
    22436.125,
    22720.345001220703,
    23651.665008544922,
    24322.03305053711,
    25709.415130615234,
    26211.873138427734,
    26878.61410522461
  ]
}