{"regret_validation": [1.0, 1.0, 1.0, 1.0, 1.0, 1.0, 1.0, 1.0, 1.0, 1.0, 1.0, 1.0, 0.11618590354919434, 0.11618590354919434, 0.11618590354919434, 0.11618590354919434, 0.11618590354919434, 0.11618590354919434, 0.11618590354919434, 0.11618590354919434, 0.11618590354919434, 0.11618590354919434, 0.06019634008407593, 0.06019634008407593, 0.06019634008407593, 0.06019634008407593, 0.06019634008407593, 0.06019634008407593, 0.06019634008407593, 0.06019634008407593, 0.06019634008407593, 0.06019634008407593, 0.06019634008407593, 0.06019634008407593, 0.06019634008407593, 0.06019634008407593, 0.06019634008407593, 0.06019634008407593, 0.06019634008407593, 0.06019634008407593, 0.06019634008407593, 0.06019634008407593, 0.06019634008407593, 0.06019634008407593, 0.06019634008407593, 0.06019634008407593, 0.06019634008407593, 0.06019634008407593, 0.06019634008407593, 0.06019634008407593, 0.06019634008407593, 0.06019634008407593, 0.06019634008407593, 0.06019634008407593, 0.06019634008407593, 0.06019634008407593, 0.06019634008407593, 0.06019634008407593, 0.06019634008407593, 0.06019634008407593, 0.06019634008407593, 0.06019634008407593, 0.06019634008407593, 0.06019634008407593, 0.06019634008407593, 0.06019634008407593, 0.06019634008407593, 0.06019634008407593, 0.06019634008407593, 0.06019634008407593, 0.06019634008407593, 0.06019634008407593, 0.06019634008407593, 0.06019634008407593, 0.06019634008407593, 0.06019634008407593, 0.06019634008407593, 0.06019634008407593, 0.06019634008407593, 0.06019634008407593, 0.06019634008407593, 0.06019634008407593, 0.06019634008407593, 0.06019634008407593, 0.06019634008407593, 0.06019634008407593, 0.06019634008407593, 0.06019634008407593, 0.06019634008407593, 0.06019634008407593, 0.06019634008407593, 0.06019634008407593, 0.06019634008407593, 0.06019634008407593, 0.06019634008407593, 0.06019634008407593, 0.06019634008407593, 0.06019634008407593, 0.06019634008407593, 0.06019634008407593], "regret_test": [1.0, 1.0, 1.0, 1.0, 1.0, 1.0, 1.0, 1.0, 1.0, 1.0, 1.0, 1.0, 0.11858973900477088, 0.11858973900477088, 0.11858973900477088, 0.11858973900477088, 0.11858973900477088, 0.11858973900477088, 0.11858973900477088, 0.11858973900477088, 0.11858973900477088, 0.11858973900477088, 0.06734106938044226, 0.06734106938044226, 0.06734106938044226, 0.06734106938044226, 0.06734106938044226, 0.06734106938044226, 0.06734106938044226, 0.06734106938044226, 0.06734106938044226, 0.06734106938044226, 0.06734106938044226, 0.06734106938044226, 0.06734106938044226, 0.06734106938044226, 0.06734106938044226, 0.06734106938044226, 0.06734106938044226, 0.06734106938044226, 0.06734106938044226, 0.06734106938044226, 0.06734106938044226, 0.06734106938044226, 0.06734106938044226, 0.06734106938044226, 0.06734106938044226, 0.06734106938044226, 0.06734106938044226, 0.06734106938044226, 0.06734106938044226, 0.06734106938044226, 0.06734106938044226, 0.06734106938044226, 0.06734106938044226, 0.06734106938044226, 0.06734106938044226, 0.06734106938044226, 0.06734106938044226, 0.06734106938044226, 0.06734106938044226, 0.06734106938044226, 0.06734106938044226, 0.06734106938044226, 0.06734106938044226, 0.06734106938044226, 0.06734106938044226, 0.06734106938044226, 0.06734106938044226, 0.06734106938044226, 0.06734106938044226, 0.06734106938044226, 0.06734106938044226, 0.06734106938044226, 0.06734106938044226, 0.06734106938044226, 0.06734106938044226, 0.06734106938044226, 0.06734106938044226, 0.06734106938044226, 0.06734106938044226, 0.06734106938044226, 0.06734106938044226, 0.06734106938044226, 0.06734106938044226, 0.06734106938044226, 0.06734106938044226, 0.06734106938044226, 0.06734106938044226, 0.06734106938044226, 0.06734106938044226, 0.06734106938044226, 0.06734106938044226, 0.06734106938044226, 0.06734106938044226, 0.06734106938044226, 0.06734106938044226, 0.06734106938044226, 0.06734106938044226, 0.06734106938044226], "runtime": [0.0, 0.0, 0.0, 0.0, 0.0, 0.0, 0.0, 0.0, 0.0, 0.0, 0.0, 0.0, 1324.4559326171875, 1324.4559326171875, 1324.4559326171875, 1324.4559326171875, 1324.4559326171875, 1324.4559326171875, 1324.4559326171875, 1324.4559326171875, 1324.4559326171875, 1324.4559326171875, 8413.890991210938, 8413.890991210938, 8413.890991210938, 8413.890991210938, 8413.890991210938, 8413.890991210938, 8413.890991210938, 8413.890991210938, 8413.890991210938, 8413.890991210938, 8413.890991210938, 9350.457946777344, 9350.457946777344, 9350.457946777344, 9350.457946777344, 9350.457946777344, 9350.457946777344, 9350.457946777344, 9350.457946777344, 9350.457946777344, 9350.457946777344, 9350.457946777344, 9350.457946777344, 9350.457946777344, 9350.457946777344, 9350.457946777344, 9350.457946777344, 9350.457946777344, 9350.457946777344, 10674.913879394531, 10674.913879394531, 10674.913879394531, 10674.913879394531, 10674.913879394531, 12019.739807128906, 12019.739807128906, 12019.739807128906, 12019.739807128906, 12019.739807128906, 17988.940002441406, 17988.940002441406, 17988.940002441406, 17988.940002441406, 17988.940002441406, 17988.940002441406, 17988.940002441406, 17988.940002441406, 17988.940002441406, 17988.940002441406, 17988.940002441406, 17988.940002441406, 17988.940002441406, 20937.672912597656, 20937.672912597656, 20937.672912597656, 20937.672912597656, 20937.672912597656, 20937.672912597656, 20937.672912597656, 20937.672912597656, 20937.672912597656, 21874.239868164062, 21874.239868164062, 21874.239868164062, 21874.239868164062, 21874.239868164062, 21874.239868164062, 21874.239868164062, 21874.239868164062, 21874.239868164062, 22810.80682373047, 24789.59783935547, 24789.59783935547, 24789.59783935547, 24789.59783935547, 24789.59783935547, 24789.59783935547, 24789.59783935547], "energy_consumption": [0.0, 0.0, 0.0, 0.0, 0.0, 0.0, 0.0, 0.0, 0.0, 0.0, 0.0, 0.0, 0.237606, 0.237606, 0.237606, 0.237606, 0.237606, 0.237606, 0.237606, 0.237606, 0.237606, 0.237606, 1.494853, 1.494853, 1.494853, 1.494853, 1.494853, 1.494853, 1.494853, 1.494853, 1.494853, 1.494853, 1.494853, 1.651301, 1.651301, 1.651301, 1.651301, 1.651301, 1.651301, 1.651301, 1.651301, 1.651301, 1.651301, 1.651301, 1.651301, 1.651301, 1.651301, 1.651301, 1.651301, 1.651301, 1.651301, 1.888907, 1.888907, 1.888907, 1.888907, 1.888907, 2.12883, 2.12883, 2.12883, 2.12883, 2.12883, 3.1794, 3.1794, 3.1794, 3.1794, 3.1794, 3.1794, 3.1794, 3.1794, 3.1794, 3.1794, 3.1794, 3.1794, 3.1794, 3.7020459999999997, 3.7020459999999997, 3.7020459999999997, 3.7020459999999997, 3.7020459999999997, 3.7020459999999997, 3.7020459999999997, 3.7020459999999997, 3.7020459999999997, 3.858494, 3.858494, 3.858494, 3.858494, 3.858494, 3.858494, 3.858494, 3.858494, 3.858494, 4.014942, 4.367121999999999, 4.367121999999999, 4.367121999999999, 4.367121999999999, 4.367121999999999, 4.367121999999999, 4.367121999999999], "co2_emission": [0.0, 0.0, 0.0, 0.0, 0.0, 0.0, 0.0, 0.0, 0.0, 0.0, 0.0, 0.0, 51.918415, 51.918415, 51.918415, 51.918415, 51.918415, 51.918415, 51.918415, 51.918415, 51.918415, 51.918415, 330.43806, 330.43806, 330.43806, 330.43806, 330.43806, 330.43806, 330.43806, 330.43806, 330.43806, 330.43806, 330.43806, 355.79415900000004, 355.79415900000004, 355.79415900000004, 355.79415900000004, 355.79415900000004, 355.79415900000004, 355.79415900000004, 355.79415900000004, 355.79415900000004, 355.79415900000004, 355.79415900000004, 355.79415900000004, 355.79415900000004, 355.79415900000004, 355.79415900000004, 355.79415900000004, 355.79415900000004, 355.79415900000004, 407.712574, 407.712574, 407.712574, 407.712574, 407.712574, 449.47804, 449.47804, 449.47804, 449.47804, 449.47804, 616.518817, 616.518817, 616.518817, 616.518817, 616.518817, 616.518817, 616.518817, 616.518817, 616.518817, 616.518817, 616.518817, 616.518817, 616.518817, 708.98629, 708.98629, 708.98629, 708.98629, 708.98629, 708.98629, 708.98629, 708.98629, 708.98629, 734.342389, 734.342389, 734.342389, 734.342389, 734.342389, 734.342389, 734.342389, 734.342389, 734.342389, 759.698488, 852.961598, 852.961598, 852.961598, 852.961598, 852.961598, 852.961598, 852.961598]}