{"regret_validation": [0.01756141583124793, 0.01756141583124793, 0.01756141583124793, 0.01756141583124793, 0.01756141583124793, 0.01756141583124793, 0.01756141583124793, 0.01756141583124793, 0.017160813013712528, 0.017160813013712528, 0.017160813013712528, 0.017160813013712528, 0.017160813013712528, 0.017160813013712528, 0.017160813013712528, 0.017160813013712528, 0.017160813013712528, 0.017160813013712528, 0.012453297773996952, 0.012453297773996952, 0.012453297773996952, 0.012453297773996952, 0.012453297773996952, 0.010650376478830936, 0.010650376478830936, 0.010650376478830936], "regret_test": [0.01572517553965258, 0.01572517553965258, 0.01572517553965258, 0.01572517553965258, 0.01572517553965258, 0.01572517553965258, 0.01572517553965258, 0.01572517553965258, 0.00858040650685632, 0.00858040650685632, 0.00858040650685632, 0.00858040650685632, 0.00858040650685632, 0.00858040650685632, 0.00858040650685632, 0.00858040650685632, 0.00858040650685632, 0.00858040650685632, 0.010182956854502434, 0.010182956854502434, 0.010182956854502434, 0.010182956854502434, 0.010182956854502434, 0.010683755079905266, 0.010683755079905266, 0.010683755079905266], "runtime": [858.8200073242188, 1529.5469970703125, 2244.449951171875, 3156.60400390625, 3659.06201171875, 4329.4300537109375, 5891.7430419921875, 6914.5770263671875, 9180.161010742188, 9806.692993164062, 11136.442016601562, 12504.387084960938, 12789.425109863281, 13073.668090820312, 14171.770141601562, 15561.692138671875, 16064.150146484375, 16349.188171386719, 17735.29412841797, 18019.537109375, 19171.396118164062, 19455.639099121094, 20607.498107910156, 22227.349182128906, 23020.87518310547, 25415.552185058594]}