{
  "regret_validation": [
    1.0,
    1.0,
    1.0,
    1.0,
    0.1770833134651184,
    0.1770833134651184,
    0.1770833134651184,
    0.1770833134651184,
    0.1770833134651184,
    0.11929088830947876,
    0.11929088830947876,
    0.11929088830947876,
    0.11929088830947876,
    0.11929088830947876,
    0.11929088830947876,
    0.11929088830947876,
    0.11929088830947876,
    0.11929088830947876,
    0.11929088830947876,
    0.11929088830947876,
    0.11929088830947876,
    0.11929088830947876,
    0.11929088830947876,
    0.11929088830947876,
    0.11929088830947876,
    0.11929088830947876,
    0.11929088830947876,
    0.11929088830947876,
    0.11929088830947876,
    0.11929088830947876,
    0.11929088830947876,
    0.11929088830947876,
    0.11929088830947876,
    0.11929088830947876,
    0.11929088830947876,
    0.11929088830947876,
    0.11929088830947876,
    0.11929088830947876,
    0.11929088830947876,
    0.11929088830947876,
    0.11929088830947876,
    0.11929088830947876,
    0.11929088830947876,
    0.11929088830947876,
    0.11929088830947876,
    0.11929088830947876,
    0.11929088830947876,
    0.11929088830947876,
    0.11929088830947876,
    0.11929088830947876,
    0.11929088830947876,
    0.11929088830947876,
    0.11929088830947876,
    0.11929088830947876,
    0.11929088830947876,
    0.11929088830947876,
    0.11929088830947876,
    0.11929088830947876,
    0.11147838830947876,
    0.11147838830947876,
    0.11147838830947876,
    0.11147838830947876,
    0.11147838830947876,
    0.11147838830947876,
    0.11147838830947876,
    0.11147838830947876,
    0.11147838830947876,
    0.11147838830947876,
    0.11147838830947876,
    0.11147838830947876,
    0.11147838830947876,
    0.11147838830947876,
    0.11147838830947876,
    0.11147838830947876,
    0.11147838830947876,
    0.11147838830947876,
    0.11147838830947876,
    0.11147838830947876,
    0.11147838830947876,
    0.11147838830947876,
    0.11147838830947876,
    0.11147838830947876,
    0.11147838830947876,
    0.11147838830947876,
    0.11147838830947876,
    0.11147838830947876,
    0.11147838830947876,
    0.11147838830947876,
    0.11147838830947876,
    0.11147838830947876,
    0.11147838830947876,
    0.11147838830947876,
    0.11147838830947876,
    0.11147838830947876,
    0.11147838830947876,
    0.11147838830947876,
    0.11147838830947876,
    0.11147838830947876,
    0.11147838830947876,
    0.11147838830947876
  ],
  "regret_test": [
    1.0,
    1.0,
    1.0,
    1.0,
    0.1739783684412638,
    0.1739783684412638,
    0.1739783684412638,
    0.1739783684412638,
    0.1739783684412638,
    0.11858973900477088,
    0.11858973900477088,
    0.11858973900477088,
    0.11858973900477088,
    0.11858973900477088,
    0.11858973900477088,
    0.11858973900477088,
    0.11858973900477088,
    0.11858973900477088,
    0.11858973900477088,
    0.11858973900477088,
    0.11858973900477088,
    0.11858973900477088,
    0.11858973900477088,
    0.11858973900477088,
    0.11858973900477088,
    0.11858973900477088,
    0.11858973900477088,
    0.11858973900477088,
    0.11858973900477088,
    0.11858973900477088,
    0.11858973900477088,
    0.11858973900477088,
    0.11858973900477088,
    0.11858973900477088,
    0.11858973900477088,
    0.11858973900477088,
    0.11858973900477088,
    0.11858973900477088,
    0.11858973900477088,
    0.11858973900477088,
    0.11858973900477088,
    0.11858973900477088,
    0.11858973900477088,
    0.11858973900477088,
    0.11858973900477088,
    0.11858973900477088,
    0.11858973900477088,
    0.11858973900477088,
    0.11858973900477088,
    0.11858973900477088,
    0.11858973900477088,
    0.11858973900477088,
    0.11858973900477088,
    0.11858973900477088,
    0.11858973900477088,
    0.11858973900477088,
    0.11858973900477088,
    0.11858973900477088,
    0.11858973900477088,
    0.11858973900477088,
    0.11858973900477088,
    0.11858973900477088,
    0.11858973900477088,
    0.11858973900477088,
    0.11858973900477088,
    0.11858973900477088,
    0.11858973900477088,
    0.11858973900477088,
    0.11858973900477088,
    0.11858973900477088,
    0.11858973900477088,
    0.11858973900477088,
    0.11858973900477088,
    0.11858973900477088,
    0.11858973900477088,
    0.11858973900477088,
    0.11858973900477088,
    0.11858973900477088,
    0.11858973900477088,
    0.11858973900477088,
    0.11858973900477088,
    0.11858973900477088,
    0.11858973900477088,
    0.11858973900477088,
    0.11858973900477088,
    0.11858973900477088,
    0.11858973900477088,
    0.11858973900477088,
    0.11858973900477088,
    0.11858973900477088,
    0.11858973900477088,
    0.11858973900477088,
    0.11858973900477088,
    0.11858973900477088,
    0.11858973900477088,
    0.11858973900477088,
    0.11858973900477088,
    0.11858973900477088,
    0.11858973900477088,
    0.11858973900477088
  ],
  "runtime": [
    0.0,
    0.0,
    0.0,
    0.0,
    1978.791015625,
    1978.791015625,
    1978.791015625,
    1978.791015625,
    1978.791015625,
    3323.616943359375,
    3323.616943359375,
    3323.616943359375,
    3323.616943359375,
    3323.616943359375,
    3323.616943359375,
    3323.616943359375,
    3323.616943359375,
    3323.616943359375,
    3323.616943359375,
    3323.616943359375,
    3323.616943359375,
    3323.616943359375,
    3323.616943359375,
    3323.616943359375,
    5357.5869140625,
    5357.5869140625,
    5357.5869140625,
    5357.5869140625,
    5357.5869140625,
    5357.5869140625,
    5357.5869140625,
    5357.5869140625,
    5357.5869140625,
    5357.5869140625,
    5357.5869140625,
    5357.5869140625,
    5357.5869140625,
    6294.153869628906,
    6294.153869628906,
    6294.153869628906,
    6294.153869628906,
    6294.153869628906,
    6294.153869628906,
    6294.153869628906,
    6294.153869628906,
    6294.153869628906,
    6294.153869628906,
    6294.153869628906,
    6294.153869628906,
    6294.153869628906,
    6294.153869628906,
    6294.153869628906,
    6294.153869628906,
    6294.153869628906,
    6294.153869628906,
    6294.153869628906,
    6294.153869628906,
    6294.153869628906,
    7646.130920410156,
    7646.130920410156,
    8998.107971191406,
    8998.107971191406,
    8998.107971191406,
    8998.107971191406,
    8998.107971191406,
    8998.107971191406,
    8998.107971191406,
    8998.107971191406,
    8998.107971191406,
    8998.107971191406,
    8998.107971191406,
    8998.107971191406,
    8998.107971191406,
    8998.107971191406,
    8998.107971191406,
    8998.107971191406,
    8998.107971191406,
    8998.107971191406,
    8998.107971191406,
    8998.107971191406,
    8998.107971191406,
    10322.563903808594,
    10322.563903808594,
    10322.563903808594,
    10322.563903808594,
    10322.563903808594,
    10322.563903808594,
    10322.563903808594,
    10322.563903808594,
    10322.563903808594,
    10322.563903808594,
    10322.563903808594,
    10322.563903808594,
    10322.563903808594,
    10322.563903808594,
    10322.563903808594,
    10322.563903808594,
    10322.563903808594,
    10322.563903808594,
    12301.354919433594
  ],