{"regret_validation": [0.12653581301371253, 0.12653581301371253, 0.12653581301371253, 0.12653581301371253, 0.06473694245020545, 0.05662391583124793, 0.05472091833750403, 0.05472091833750403, 0.05472091833750403, 0.012152771155039432, 0.012152771155039432, 0.012152771155039432, 0.012152771155039432, 0.012152771155039432, 0.012152771155039432, 0.009548644224802616, 0.009548644224802616, 0.009548644224802616, 0.009548644224802616, 0.009548644224802616, 0.009548644224802616, 0.009548644224802616, 0.009548644224802616, 0.009548644224802616, 0.009548644224802616, 0.009548644224802616, 0.009548644224802616, 0.009548644224802616, 0.009548644224802616, 0.009548644224802616, 0.009548644224802616, 0.009548644224802616], "regret_test": [0.12202856938044238, 0.12202856938044238, 0.12202856938044238, 0.12202856938044238, 0.056991199652354, 0.056991199652354, 0.056991199652354, 0.056991199652354, 0.056991199652354, 0.010182956854502434, 0.010182956854502434, 0.010182956854502434, 0.010182956854502434, 0.010182956854502434, 0.010182956854502434, 0.010182956854502434, 0.010182956854502434, 0.010182956854502434, 0.010182956854502434, 0.010182956854502434, 0.010182956854502434, 0.010182956854502434, 0.010182956854502434, 0.010182956854502434, 0.010182956854502434, 0.010182956854502434, 0.010182956854502434, 0.010182956854502434, 0.010182956854502434, 0.010182956854502434, 0.010182956854502434, 0.010182956854502434], "runtime": [502.4580078125, 1004.916015625, 1507.0900268554688, 2009.5480346679688, 2676.0280151367188, 3342.7689819335938, 4008.7329711914062, 4675.212951660156, 5619.387939453125, 7006.77001953125, 8392.8759765625, 9778.98193359375, 11165.087890625, 12551.19384765625, 13938.575927734375, 15329.8779296875, 16717.260009765625, 18319.027099609375, 19920.794189453125, 21522.561279296875, 23123.181274414062, 24510.563354492188, 25897.945434570312, 27289.247436523438, 28676.629516601562, 28960.872497558594, 30119.74041748047, 30403.960418701172, 32022.517303466797, 33103.532318115234, 33387.75231933594, 34120.45233154297]}