{
  "regret_validation": [
    0.006844321886698368,
    0.006844321886698368,
    0.006844321886698368,
    0.006844321886698368,
    0.006844321886698368,
    0.006844321886698368,
    0.006844321886698368,
    0.006844321886698368,
    0.006844321886698368,
    0.006844321886698368,
    0.006844321886698368,
    0.006844321886698368,
    0.006844321886698368,
    0.006844321886698368,
    0.006844321886698368,
    0.006844321886698368,
    0.006844321886698368,
    0.006844321886698368,
    0.006844321886698368,
    0.006844321886698368,
    0.006844321886698368,
    0.006844321886698368,
    0.006844321886698368,
    0.006844321886698368,
    0.006844321886698368,
    0.006844321886698368,
    0.006844321886698368
  ],
  "regret_test": [
    0.008814116319020626,
    0.008814116319020626,
    0.008814116319020626,
    0.008814116319020626,
    0.008814116319020626,
    0.008814116319020626,
    0.008814116319020626,
    0.008814116319020626,
    0.008814116319020626,
    0.008814116319020626,
    0.008814116319020626,
    0.008814116319020626,
    0.008814116319020626,
    0.008814116319020626,
    0.008814116319020626,
    0.008814116319020626,
    0.008814116319020626,
    0.008814116319020626,
    0.008814116319020626,
    0.008814116319020626,
    0.008814116319020626,
    0.008814116319020626,
    0.008814116319020626,
    0.008814116319020626,
    0.008814116319020626,
    0.008814116319020626,
    0.008814116319020626
  ],
  "runtime": [
    1690.60107421875,
    2453.8670654296875,
    3655.174072265625,
    4890.09716796875,
    5556.838134765625,
    6502.943115234375,
    8338.762084960938,
    9218.555053710938,
    11797.469116210938,
    14277.868041992188,
    16297.58203125,
    17227.272033691406,
    17729.730041503906,
    19146.09698486328,
    19938.16094970703,
    20604.901916503906,
    21271.381896972656,
    22221.05584716797,
    25632.86199951172,
    26950.26190185547,
    27682.9619140625,
    29569.017822265625,
    31834.601806640625,
    32118.844787597656,
    32403.8828125,
    32906.05682373047,
    33929.503845214844
  ]
}